Date,Series_1,Series_2,Series_3
2012-09-29,22,45,59
2012-09-30,71,90,65
2012-10-01,110,62,109
2012-10-02,29,87,135
2012-10-03,102,136,86
2012-10-04,98,118,145
2012-10-05,58,139,99
2012-10-06,120,134,79
2012-10-07,29,73,133
2012-10-08,87,142,96
2012-10-09,88,73,143
2012-10-10,101,87,96
2012-10-11,83,109,92
2012-10-12,97,53,96
2012-10-13,61,82,86
2012-10-14,72,68,148
2012-10-15,54,129,75
2012-10-16,43,99,122
2012-10-17,76,63,135
2012-10-18,85,110,121
2012-10-19,114,87,116
2012-10-20,113,80,131
2012-10-21,40,83,76
2012-10-22,66,61,157
2012-10-23,102,120,123
2012-10-24,85,80,122
2012-10-25,70,76,98
2012-10-26,50,73,121
2012-10-27,42,104,66
2012-10-28,40,104,156
2012-10-29,114,136,99
2012-10-30,96,88,64
2012-10-31,41,74,92
2012-11-01,69,129,113
2012-11-02,55,46,91
2012-11-03,35,123,105
2012-11-04,70,56,82
2012-11-05,34,59,69
2012-11-06,113,106,87
2012-11-07,116,59,121
2012-11-08,108,94,104
2012-11-09,107,144,109
2012-11-10,74,49,117
2012-11-11,45,106,118
2012-11-12,122,70,117
2012-11-13,69,102,142
2012-11-14,81,102,67
2012-11-15,81,60,100
2012-11-16,80,97,112
2012-11-17,44,59,126
2012-11-18,94,56,149
2012-11-19,63,105,121
2012-11-20,62,49,78
2012-11-21,79,111,112
2012-11-22,102,96,147
2012-11-23,43,62,100
2012-11-24,118,136,123
2012-11-25,105,127,128
2012-11-26,105,102,63
2012-11-27,102,96,120
2012-11-28,101,114,76
2012-11-29,38,140,102
2012-11-30,24,117,62
2012-12-01,37,63,117
2012-12-02,85,53,126
2012-12-03,25,125,86
2012-12-04,43,81,126
2012-12-05,44,94,148
2012-12-06,95,49,96
2012-12-07,85,129,112
2012-12-08,86,133,116
2012-12-09,58,52,106
2012-12-10,117,80,66
2012-12-11,106,54,144
2012-12-12,83,113,99
2012-12-13,89,100,65
2012-12-14,108,102,72
2012-12-15,42,83,139
2012-12-16,41,85,129
2012-12-17,51,136,120
2012-12-18,41,132,140
2012-12-19,78,123,147
2012-12-20,46,118,86
2012-12-21,28,57,140
2012-12-22,111,62,62
2012-12-23,95,102,60
2012-12-24,69,108,78
2012-12-25,45,144,76
2012-12-26,52,85,63
2012-12-27,40,129,119
2012-12-28,25,59,125
2012-12-29,85,115,102
2012-12-30,100,77,95
2012-12-31,101,142,143
2013-01-01,89,85,121
2013-01-02,76,142,127
2013-01-03,29,54,153
2013-01-04,72,56,89
2013-01-05,110,118,133
2013-01-06,57,129,91
2013-01-07,76,52,114
2013-01-08,97,75,74
2013-01-09,48,129,104
2013-01-10,63,124,149
2013-01-11,23,90,66
2013-01-12,54,123,112
2013-01-13,62,49,138
2013-01-14,38,78,96
2013-01-15,75,75,134
2013-01-16,95,93,136
2013-01-17,38,50,103
2013-01-18,29,83,148
2013-01-19,108,88,91
2013-01-20,74,94,102
2013-01-21,70,125,141
2013-01-22,113,138,64
2013-01-23,31,49,116
2013-01-24,43,143,71
2013-01-25,81,143,61
2013-01-26,114,105,112
2013-01-27,29,111,144
2013-01-28,34,113,102
2013-01-29,95,132,82
2013-01-30,103,122,83
2013-01-31,107,116,99
2013-02-01,69,98,97
2013-02-02,122,113,65
2013-02-03,106,57,154
2013-02-04,101,116,130
2013-02-05,118,97,147
2013-02-06,67,137,77
2013-02-07,111,100,152
2013-02-08,107,61,87
2013-02-09,45,69,97
2013-02-10,70,98,87
2013-02-11,46,139,119
2013-02-12,73,129,139
2013-02-13,30,67,85
2013-02-14,87,106,84
2013-02-15,49,142,74
2013-02-16,47,75,139
2013-02-17,42,65,120
2013-02-18,69,93,146
2013-02-19,113,116,129
2013-02-20,66,85,64
2013-02-21,60,89,61
2013-02-22,79,72,108
2013-02-23,79,80,90
2013-02-24,43,144,135
2013-02-25,26,122,75
2013-02-26,109,137,125
2013-02-27,71,58,158
2013-02-28,80,137,134
2013-03-01,66,74,136
2013-03-02,34,130,80
2013-03-03,25,127,135
2013-03-04,25,54,135
2013-03-05,92,84,126
2013-03-06,60,110,89
2013-03-07,116,126,72
2013-03-08,69,61,158
2013-03-09,28,98,86
2013-03-10,92,80,145
2013-03-11,70,60,115
2013-03-12,42,98,122
2013-03-13,114,132,60
2013-03-14,49,137,70
2013-03-15,117,142,84
2013-03-16,94,59,124
2013-03-17,104,135,89
2013-03-18,82,108,100
2013-03-19,77,77,73
2013-03-20,72,68,95
2013-03-21,69,67,142
2013-03-22,52,77,100
2013-03-23,32,70,106
2013-03-24,70,91,92
2013-03-25,38,82,65
2013-03-26,23,89,68
2013-03-27,78,83,80
2013-03-28,71,115,65
2013-03-29,114,67,95
2013-03-30,33,86,92
2013-03-31,57,91,123
2013-04-01,111,79,70
2013-04-02,91,93,85
2013-04-03,35,129,105
2013-04-04,50,101,144
2013-04-05,94,119,111
2013-04-06,108,120,140
2013-04-07,104,125,77
2013-04-08,105,98,84
2013-04-09,92,60,124
2013-04-10,42,140,82
2013-04-11,81,52,129
2013-04-12,114,54,143
2013-04-13,32,88,129
2013-04-14,58,56,67
2013-04-15,100,138,153
2013-04-16,59,109,157
2013-04-17,29,142,134
2013-04-18,44,133,130
2013-04-19,66,107,103
2013-04-20,43,115,71
2013-04-21,93,112,148
2013-04-22,99,102,155
2013-04-23,43,108,89
2013-04-24,39,90,159
2013-04-25,63,111,152
2013-04-26,115,117,153
2013-04-27,76,120,151
2013-04-28,93,55,125
2013-04-29,66,64,67
2013-04-30,79,68,158
2013-05-01,103,65,80
2013-05-02,38,126,131
2013-05-03,48,120,124
2013-05-04,25,110,138
2013-05-05,112,65,62
2013-05-06,85,93,62
2013-05-07,41,89,98
2013-05-08,52,117,103
2013-05-09,48,96,118
2013-05-10,62,66,86
2013-05-11,55,122,141
2013-05-12,69,112,129
2013-05-13,90,129,154
2013-05-14,105,50,121
2013-05-15,47,107,97
2013-05-16,115,126,134
2013-05-17,46,105,104
2013-05-18,118,123,103
2013-05-19,95,124,117
2013-05-20,78,104,138
2013-05-21,109,56,89
2013-05-22,63,117,74
2013-05-23,47,145,81
2013-05-24,88,116,155
2013-05-25,54,80,150
2013-05-26,52,118,63
2013-05-27,89,80,124
2013-05-28,29,85,108
2013-05-29,84,86,85
2013-05-30,34,50,118
2013-05-31,85,100,120
2013-06-01,26,140,144
2013-06-02,113,52,82
2013-06-03,110,113,124
2013-06-04,110,135,77
2013-06-05,72,69,109
2013-06-06,79,108,76
2013-06-07,105,60,96
2013-06-08,29,138,147
2013-06-09,66,96,119
2013-06-10,121,92,115
2013-06-11,52,138,95
2013-06-12,41,99,151
2013-06-13,75,100,97
2013-06-14,25,66,135
2013-06-15,122,79,91
2013-06-16,83,69,113
2013-06-17,69,108,127
2013-06-18,89,88,91
2013-06-19,56,80,105
2013-06-20,88,119,65
2013-06-21,115,123,106
2013-06-22,64,88,118
2013-06-23,58,55,140
2013-06-24,48,57,103
2013-06-25,55,130,73
2013-06-26,31,48,153
2013-06-27,25,49,83
2013-06-28,101,73,141
2013-06-29,105,108,122
2013-06-30,64,54,92
2013-07-01,104,126,66
2013-07-02,29,140,108
2013-07-03,76,70,101
2013-07-04,81,110,63
2013-07-05,46,70,124
2013-07-06,94,112,154
2013-07-07,62,108,64
2013-07-08,74,105,82
2013-07-09,39,73,118
2013-07-10,55,84,134
2013-07-11,68,61,135
2013-07-12,80,86,70
2013-07-13,110,73,68
2013-07-14,93,56,140
2013-07-15,42,105,105
2013-07-16,101,77,66
2013-07-17,107,118,100
2013-07-18,72,112,70
2013-07-19,94,98,96
2013-07-20,27,65,120
2013-07-21,31,106,153
2013-07-22,117,131,87
2013-07-23,89,89,124
2013-07-24,26,98,110
2013-07-25,28,105,121
2013-07-26,113,83,145
2013-07-27,95,128,78
2013-07-28,79,144,121
2013-07-29,94,99,145
2013-07-30,86,53,110
2013-07-31,56,80,66
2013-08-01,39,100,67
2013-08-02,110,66,121
2013-08-03,112,128,95
2013-08-04,114,106,148
2013-08-05,108,143,114
2013-08-06,73,84,139
2013-08-07,38,144,126
2013-08-08,121,134,101
2013-08-09,120,124,151
2013-08-10,64,106,128
2013-08-11,88,87,77
2013-08-12,71,85,113
2013-08-13,80,145,91
2013-08-14,31,50,105
2013-08-15,94,138,73
2013-08-16,64,118,100
2013-08-17,47,118,82
2013-08-18,101,122,86
2013-08-19,26,100,136
2013-08-20,36,55,75
2013-08-21,64,138,136
2013-08-22,28,101,114
2013-08-23,30,78,63
2013-08-24,49,74,153
2013-08-25,78,124,152
2013-08-26,83,129,110
2013-08-27,98,139,78
2013-08-28,105,73,145
2013-08-29,69,142,105
2013-08-30,89,128,159
2013-08-31,24,95,83
2013-09-01,87,125,118
2013-09-02,105,62,103
2013-09-03,103,104,125
2013-09-04,106,101,92
2013-09-05,93,138,148
2013-09-06,56,77,106
2013-09-07,74,143,106
2013-09-08,47,72,155
2013-09-09,93,117,152
2013-09-10,103,119,86
2013-09-11,64,106,135
2013-09-12,96,117,72
2013-09-13,72,96,142
2013-09-14,113,75,74
2013-09-15,58,51,133
2013-09-16,114,62,154
2013-09-17,45,88,152
2013-09-18,30,111,127
2013-09-19,27,106,128
2013-09-20,59,80,86
2013-09-21,84,124,77
2013-09-22,103,91,60
2013-09-23,30,54,138
2013-09-24,103,144,124
2013-09-25,59,136,79
2013-09-26,104,130,103
2013-09-27,122,94,132
2013-09-28,65,86,94
2013-09-29,93,54,114
2013-09-30,121,49,137
2013-10-01,114,127,92
2013-10-02,87,50,65
2013-10-03,45,86,65
2013-10-04,51,121,87
2013-10-05,54,116,111
2013-10-06,106,101,159
2013-10-07,27,94,104
2013-10-08,80,141,113
2013-10-09,96,137,60
2013-10-10,95,58,76
2013-10-11,32,112,66
2013-10-12,60,122,137
2013-10-13,116,83,111
2013-10-14,65,136,91
2013-10-15,24,98,77
2013-10-16,67,52,132
2013-10-17,77,95,91
2013-10-18,34,142,63
2013-10-19,38,137,76
2013-10-20,72,102,155
2013-10-21,86,119,119
2013-10-22,37,79,62
2013-10-23,79,55,148
2013-10-24,48,82,142
2013-10-25,90,86,139
2013-10-26,55,53,87
2013-10-27,58,129,131
2013-10-28,104,132,154
2013-10-29,112,90,143
2013-10-30,57,62,65
2013-10-31,74,115,130
2013-11-01,60,118,93
2013-11-02,68,119,83
2013-11-03,97,138,128
2013-11-04,120,60,98
2013-11-05,88,58,147
2013-11-06,46,73,98
2013-11-07,24,88,74
2013-11-08,36,103,109
2013-11-09,86,138,85
2013-11-10,69,68,75
2013-11-11,46,136,154
2013-11-12,53,64,134
2013-11-13,49,131,92
2013-11-14,121,48,61
2013-11-15,94,97,149
2013-11-16,43,49,80
2013-11-17,86,129,97
2013-11-18,35,78,96
2013-11-19,45,56,146
2013-11-20,102,80,70
2013-11-21,104,50,63
2013-11-22,89,134,115
2013-11-23,38,99,127
2013-11-24,97,81,157
2013-11-25,65,110,157
2013-11-26,68,99,85
2013-11-27,67,129,90
2013-11-28,74,95,84
2013-11-29,114,123,91
2013-11-30,26,100,93
2013-12-01,81,139,75
2013-12-02,44,46,85
2013-12-03,61,111,103
2013-12-04,24,143,112
2013-12-05,83,58,61
2013-12-06,85,126,120
2013-12-07,74,123,156
2013-12-08,84,105,87
2013-12-09,85,127,109
2013-12-10,58,94,148
2013-12-11,91,65,151
2013-12-12,68,145,112
2013-12-13,95,73,89
2013-12-14,31,131,157
2013-12-15,91,58,83
2013-12-16,41,108,159
2013-12-17,34,115,66
2013-12-18,122,140,83
2013-12-19,120,81,152
2013-12-20,57,97,130
2013-12-21,86,68,74
2013-12-22,104,68,73
2013-12-23,58,106,82
2013-12-24,122,114,74
2013-12-25,82,75,62
2013-12-26,45,133,73
2013-12-27,102,94,128
2013-12-28,47,84,119
2013-12-29,108,112,137
2013-12-30,24,125,109
2013-12-31,28,81,126
2014-01-01,119,112,128
2014-01-02,63,76,123
2014-01-03,119,90,142
2014-01-04,61,81,101
2014-01-05,84,118,60
2014-01-06,114,95,101
2014-01-07,79,65,112
2014-01-08,31,51,128
2014-01-09,28,91,117
2014-01-10,104,138,98
2014-01-11,64,49,152
2014-01-12,37,67,127
2014-01-13,97,73,157
2014-01-14,62,115,108
2014-01-15,111,50,110
2014-01-16,98,94,148
2014-01-17,98,55,71
2014-01-18,72,89,96
2014-01-19,113,70,88
2014-01-20,34,64,109
2014-01-21,101,52,102
2014-01-22,103,104,159
2014-01-23,81,55,135
2014-01-24,83,139,61
2014-01-25,73,90,60
2014-01-26,24,127,84
2014-01-27,69,90,120
2014-01-28,43,68,156
2014-01-29,47,124,138
2014-01-30,54,119,154
2014-01-31,91,107,142
2014-02-01,41,46,82
2014-02-02,28,86,156
2014-02-03,87,144,146
2014-02-04,72,132,60
2014-02-05,40,49,96
2014-02-06,78,49,108
2014-02-07,46,57,119
2014-02-08,100,63,61
2014-02-09,32,142,125
2014-02-10,95,117,129
2014-02-11,112,55,87
2014-02-12,122,64,72
2014-02-13,63,142,109
2014-02-14,63,115,156
2014-02-15,113,129,123
2014-02-16,79,91,78
2014-02-17,39,46,65
2014-02-18,53,91,129
2014-02-19,101,145,106
2014-02-20,40,127,93
2014-02-21,53,137,105
2014-02-22,87,112,96
2014-02-23,41,83,103
2014-02-24,61,136,158
2014-02-25,71,72,69
2014-02-26,72,96,79
2014-02-27,95,93,106
2014-02-28,78,71,118
2014-03-01,67,106,136
2014-03-02,114,72,84
2014-03-03,82,60,63
2014-03-04,66,137,119
2014-03-05,57,138,102
2014-03-06,94,125,99
2014-03-07,85,97,85
2014-03-08,121,50,99
2014-03-09,36,51,71
2014-03-10,52,126,67
2014-03-11,32,128,146
2014-03-12,66,53,123
2014-03-13,79,141,65
2014-03-14,117,77,93
2014-03-15,42,114,66
2014-03-16,92,91,92
2014-03-17,122,142,62
2014-03-18,77,67,147
2014-03-19,61,122,157
2014-03-20,53,110,80
2014-03-21,96,114,74
2014-03-22,89,49,157
2014-03-23,117,85,143
2014-03-24,40,105,113
2014-03-25,35,71,109
2014-03-26,67,138,115
2014-03-27,35,99,102
2014-03-28,40,121,118
2014-03-29,68,71,154
2014-03-30,28,116,72
2014-03-31,42,50,71
2014-04-01,70,134,138
2014-04-02,75,142,111
2014-04-03,120,50,117
2014-04-04,32,105,70
2014-04-05,54,104,77
2014-04-06,31,84,135
2014-04-07,107,121,140
2014-04-08,31,53,130
2014-04-09,120,46,71
2014-04-10,112,53,146
2014-04-11,119,112,146
2014-04-12,107,115,139
2014-04-13,47,72,78
2014-04-14,38,138,82
2014-04-15,46,118,154
2014-04-16,99,133,100
2014-04-17,41,109,139
2014-04-18,89,117,144
2014-04-19,72,66,86
2014-04-20,88,96,78
2014-04-21,98,119,94
2014-04-22,105,93,85
2014-04-23,78,140,78
2014-04-24,65,109,150
2014-04-25,92,88,89
2014-04-26,114,80,148
2014-04-27,73,103,159
2014-04-28,46,92,117
2014-04-29,119,143,105
2014-04-30,81,64,142
2014-05-01,61,129,71
2014-05-02,31,58,76
2014-05-03,48,132,113
2014-05-04,53,56,153
2014-05-05,98,57,123
2014-05-06,96,102,71
2014-05-07,78,133,113
2014-05-08,38,131,108
2014-05-09,56,69,104
2014-05-10,27,57,112
2014-05-11,42,141,77
2014-05-12,82,47,82
2014-05-13,88,108,72
2014-05-14,62,119,127
2014-05-15,26,143,62
2014-05-16,111,132,70
2014-05-17,105,47,115
2014-05-18,37,81,131
2014-05-19,60,67,88
2014-05-20,119,58,62
2014-05-21,120,102,107
2014-05-22,114,70,128
2014-05-23,82,48,133
2014-05-24,114,77,97
2014-05-25,26,52,92
2014-05-26,95,47,119
2014-05-27,121,120,62
2014-05-28,92,84,109
2014-05-29,76,98,135
2014-05-30,37,109,62
2014-05-31,86,48,131
2014-06-01,119,141,83
2014-06-02,95,100,132
2014-06-03,29,46,141
2014-06-04,66,50,106
2014-06-05,33,53,127
2014-06-06,36,60,123
2014-06-07,52,105,85
2014-06-08,117,56,70
2014-06-09,103,64,106
2014-06-10,64,70,86
2014-06-11,43,130,155
2014-06-12,98,79,120
2014-06-13,110,103,80
2014-06-14,24,51,76
2014-06-15,105,50,126
2014-06-16,96,61,158
2014-06-17,61,55,159
2014-06-18,119,145,115
2014-06-19,33,48,128
2014-06-20,34,142,80
2014-06-21,77,98,67
2014-06-22,33,77,69
2014-06-23,102,103,64
2014-06-24,86,111,96
2014-06-25,77,107,82
2014-06-26,32,88,115
2014-06-27,108,131,88
2014-06-28,72,80,142
2014-06-29,47,88,107
2014-06-30,72,48,111
2014-07-01,68,62,65
2014-07-02,55,56,85
2014-07-03,101,63,156
2014-07-04,40,144,146
2014-07-05,51,46,65
2014-07-06,115,128,68
2014-07-07,84,139,65
2014-07-08,39,87,118
2014-07-09,70,114,135
2014-07-10,88,113,82
2014-07-11,78,112,147
2014-07-12,45,52,76
2014-07-13,75,89,64
2014-07-14,103,49,70
2014-07-15,60,141,120
2014-07-16,105,102,107
2014-07-17,49,133,154
2014-07-18,60,67,77
2014-07-19,59,69,105
2014-07-20,81,98,131
2014-07-21,75,129,116
2014-07-22,29,54,113
2014-07-23,52,138,74
2014-07-24,63,109,154
2014-07-25,69,137,112
2014-07-26,116,74,79
2014-07-27,122,141,149
2014-07-28,55,66,96
2014-07-29,120,87,110
2014-07-30,94,95,114
2014-07-31,49,82,62
2014-08-01,41,49,66
2014-08-02,26,48,110
2014-08-03,92,135,151
2014-08-04,56,69,77
2014-08-05,107,145,140
2014-08-06,50,132,158
2014-08-07,53,134,96
2014-08-08,73,116,135
2014-08-09,83,53,107
2014-08-10,59,128,110
2014-08-11,77,101,85
2014-08-12,84,108,92
2014-08-13,24,50,90
2014-08-14,41,90,69
2014-08-15,108,104,120
2014-08-16,23,72,110
2014-08-17,77,73,63
2014-08-18,120,49,108
2014-08-19,58,121,138
2014-08-20,68,98,143
2014-08-21,30,137,67
2014-08-22,59,143,86
2014-08-23,95,91,109
2014-08-24,32,73,105
2014-08-25,86,100,144
2014-08-26,103,53,140
2014-08-27,26,76,105
2014-08-28,33,140,156
2014-08-29,46,143,112
2014-08-30,111,75,93
2014-08-31,98,85,106
2014-09-01,67,52,99
2014-09-02,109,55,137
2014-09-03,64,75,78
2014-09-04,68,78,78
2014-09-05,26,118,102
2014-09-06,52,68,153
2014-09-07,41,114,122
2014-09-08,44,117,96
2014-09-09,90,51,98
2014-09-10,81,105,111
2014-09-11,107,88,96
2014-09-12,96,144,85
2014-09-13,31,80,125
2014-09-14,55,142,126
2014-09-15,55,97,114
2014-09-16,113,143,107
2014-09-17,71,134,100
2014-09-18,77,121,72
2014-09-19,26,58,114
2014-09-20,38,111,148
2014-09-21,93,136,121
2014-09-22,118,95,76
2014-09-23,81,101,117
2014-09-24,28,91,96
2014-09-25,105,108,107
2014-09-26,30,59,75
2014-09-27,46,125,138
2014-09-28,108,70,94
2014-09-29,87,91,148
2014-09-30,90,145,143
2014-10-01,55,58,71
2014-10-02,88,56,155
2014-10-03,104,74,147
2014-10-04,94,139,146
2014-10-05,23,94,155
2014-10-06,57,89,141
2014-10-07,88,46,64
2014-10-08,33,50,65
2014-10-09,71,141,103
2014-10-10,65,126,99
2014-10-11,36,71,80
2014-10-12,38,87,75
2014-10-13,83,48,130
2014-10-14,54,69,131
2014-10-15,86,92,110
2014-10-16,90,118,70
2014-10-17,26,102,81
2014-10-18,63,125,156
2014-10-19,49,124,148
2014-10-20,77,116,106
2014-10-21,33,53,75
2014-10-22,26,127,150
2014-10-23,82,65,107
2014-10-24,88,94,82
2014-10-25,93,75,117
2014-10-26,66,123,77
2014-10-27,79,131,84
2014-10-28,93,100,137
2014-10-29,105,130,67
2014-10-30,54,137,130
2014-10-31,48,57,93
2014-11-01,118,140,134
2014-11-02,83,71,117
2014-11-03,28,116,99
2014-11-04,54,135,141
2014-11-05,32,122,123
2014-11-06,76,70,101
2014-11-07,26,143,150
2014-11-08,95,110,142
2014-11-09,28,95,150
2014-11-10,69,139,141
2014-11-11,32,127,115
2014-11-12,62,137,119
2014-11-13,34,74,92
2014-11-14,74,114,115
2014-11-15,116,62,138
2014-11-16,84,83,127
2014-11-17,48,72,110
2014-11-18,68,131,122
2014-11-19,67,61,68
2014-11-20,65,125,105
2014-11-21,108,117,143
2014-11-22,27,78,116
2014-11-23,34,108,108
2014-11-24,93,76,114
2014-11-25,97,134,63
2014-11-26,52,135,119
2014-11-27,96,78,144
2014-11-28,116,97,99
2014-11-29,48,61,87
2014-11-30,114,77,156
2014-12-01,24,131,149
2014-12-02,116,132,122
2014-12-03,34,76,66
2014-12-04,56,64,86
2014-12-05,92,138,134
2014-12-06,112,56,113
2014-12-07,32,88,159
2014-12-08,40,70,79
2014-12-09,117,54,94
2014-12-10,35,77,144
2014-12-11,120,103,122
2014-12-12,104,58,81
2014-12-13,120,102,118
2014-12-14,99,111,85
2014-12-15,32,52,109
2014-12-16,76,75,95
2014-12-17,48,61,114
2014-12-18,39,82,119
2014-12-19,116,123,144
2014-12-20,89,82,98
2014-12-21,48,138,132
2014-12-22,96,111,73
2014-12-23,90,137,60
2014-12-24,60,79,69
2014-12-25,104,85,136
2014-12-26,57,100,128
2014-12-27,32,98,155
2014-12-28,57,52,130
2014-12-29,26,129,156
2014-12-30,83,144,106
2014-12-31,34,105,120
2015-01-01,111,53,111
2015-01-02,28,102,72
2015-01-03,43,127,149
2015-01-04,55,110,83
2015-01-05,93,97,146
2015-01-06,64,97,141
2015-01-07,36,119,115
2015-01-08,110,132,138
2015-01-09,106,112,147
2015-01-10,29,71,97
2015-01-11,64,99,88
2015-01-12,95,66,92
2015-01-13,99,87,120
2015-01-14,101,137,140
2015-01-15,109,130,93
2015-01-16,40,53,70
2015-01-17,91,125,66
2015-01-18,49,120,91
2015-01-19,41,87,107
2015-01-20,54,62,60
2015-01-21,84,58,82
2015-01-22,76,142,76
2015-01-23,37,113,76
2015-01-24,28,134,139
2015-01-25,23,62,123
2015-01-26,62,63,90
2015-01-27,41,102,106
2015-01-28,65,55,138
2015-01-29,49,130,75
2015-01-30,28,105,90
2015-01-31,33,123,106
2015-02-01,78,61,113
2015-02-02,103,57,119
2015-02-03,121,136,150
2015-02-04,81,123,75
2015-02-05,115,80,138
2015-02-06,102,81,93
2015-02-07,72,90,105
2015-02-08,115,63,134
2015-02-09,57,102,107
2015-02-10,105,143,90
2015-02-11,35,79,75
2015-02-12,82,105,141
2015-02-13,56,52,84
2015-02-14,78,105,63
2015-02-15,36,145,147
2015-02-16,100,128,83
2015-02-17,51,89,87
2015-02-18,108,87,130
2015-02-19,106,131,89
2015-02-20,73,70,148
2015-02-21,69,127,83
2015-02-22,88,50,95
2015-02-23,44,113,110
2015-02-24,46,46,117
2015-02-25,88,124,85
2015-02-26,62,84,105
2015-02-27,101,127,94
2015-02-28,95,101,145
2015-03-01,69,122,131
2015-03-02,94,108,136
2015-03-03,79,119,122
2015-03-04,118,57,105
2015-03-05,29,103,154
2015-03-06,46,113,122
2015-03-07,85,68,67
2015-03-08,112,67,135
2015-03-09,106,77,90
2015-03-10,39,115,125
2015-03-11,109,137,85
2015-03-12,101,131,81
2015-03-13,23,49,149
2015-03-14,99,121,136
2015-03-15,100,124,122
2015-03-16,115,120,95
2015-03-17,65,76,69
2015-03-18,78,135,66
2015-03-19,104,127,137
2015-03-20,116,76,127
2015-03-21,70,121,132
2015-03-22,76,82,150
2015-03-23,100,109,116
2015-03-24,98,112,141
2015-03-25,98,52,61
2015-03-26,32,82,122
2015-03-27,30,84,99
2015-03-28,100,67,132
2015-03-29,42,50,86
2015-03-30,58,131,87
2015-03-31,82,84,100
2015-04-01,92,108,94
2015-04-02,28,49,119
2015-04-03,85,82,70
2015-04-04,77,94,84
2015-04-05,99,48,122
2015-04-06,118,117,95
2015-04-07,55,117,141
2015-04-08,63,47,123
2015-04-09,56,58,106
2015-04-10,122,138,141
2015-04-11,101,98,109
2015-04-12,73,112,117
2015-04-13,84,120,63
2015-04-14,119,124,90
2015-04-15,27,70,148
2015-04-16,79,90,132
2015-04-17,89,114,101
2015-04-18,44,59,76
2015-04-19,34,96,105
2015-04-20,83,66,70
2015-04-21,93,141,84
2015-04-22,34,66,77
2015-04-23,114,128,84
2015-04-24,111,70,88
2015-04-25,97,137,70
2015-04-26,26,47,119
2015-04-27,74,103,148
2015-04-28,88,71,126
2015-04-29,91,55,147
2015-04-30,62,83,71
2015-05-01,47,127,127
2015-05-02,75,102,128
2015-05-03,54,59,98
2015-05-04,47,115,101
2015-05-05,103,51,63
2015-05-06,36,68,80
2015-05-07,54,59,83
2015-05-08,84,93,157
2015-05-09,42,63,118
2015-05-10,109,124,76
2015-05-11,81,73,140
2015-05-12,28,111,105
2015-05-13,29,67,77
2015-05-14,24,92,116
2015-05-15,84,76,155
2015-05-16,116,65,117
2015-05-17,30,133,90
2015-05-18,50,64,105
2015-05-19,63,104,130
2015-05-20,122,77,121
2015-05-21,72,82,131
2015-05-22,66,71,120
2015-05-23,99,50,150
2015-05-24,28,83,133
2015-05-25,48,76,69
2015-05-26,75,76,77
2015-05-27,73,83,66
2015-05-28,30,59,127
2015-05-29,45,87,74
2015-05-30,90,92,100
2015-05-31,57,111,119
2015-06-01,107,46,82
2015-06-02,53,99,103
2015-06-03,32,127,114
2015-06-04,54,95,156
2015-06-05,90,145,112
2015-06-06,85,125,92
2015-06-07,25,65,82
2015-06-08,25,76,147
2015-06-09,54,69,127
2015-06-10,45,80,150
2015-06-11,23,68,130
2015-06-12,121,55,100
2015-06-13,44,63,136
2015-06-14,75,128,139
2015-06-15,102,136,67
2015-06-16,48,60,95
2015-06-17,99,113,145
2015-06-18,28,84,159
2015-06-19,116,58,159
2015-06-20,118,104,139
2015-06-21,59,78,78
2015-06-22,95,50,103
2015-06-23,108,66,117
2015-06-24,28,109,121
2015-06-25,31,103,120
2015-06-26,56,142,62
2015-06-27,37,98,105
2015-06-28,102,97,84
2015-06-29,30,57,112
2015-06-30,80,105,88
2015-07-01,98,129,108
2015-07-02,23,99,127
2015-07-03,111,105,80
2015-07-04,97,106,84
2015-07-05,80,68,103
2015-07-06,64,49,151
2015-07-07,94,53,68
2015-07-08,113,90,67
2015-07-09,26,106,82
2015-07-10,40,71,73
2015-07-11,71,145,157
2015-07-12,69,142,127
2015-07-13,49,135,103
2015-07-14,96,145,60
2015-07-15,41,115,93
2015-07-16,28,78,122
2015-07-17,72,97,119
2015-07-18,31,117,90
2015-07-19,58,80,156
2015-07-20,84,68,115
2015-07-21,25,124,127
2015-07-22,98,56,71
2015-07-23,91,95,92
2015-07-24,63,97,96
2015-07-25,95,63,107
2015-07-26,43,115,127
2015-07-27,55,82,141
2015-07-28,102,57,93
2015-07-29,63,58,117
2015-07-30,37,77,93
2015-07-31,110,137,157
2015-08-01,33,79,92
2015-08-02,71,92,107
2015-08-03,53,48,147
2015-08-04,81,79,106
2015-08-05,115,97,87
2015-08-06,54,52,110
2015-08-07,35,60,60
2015-08-08,100,97,78
2015-08-09,81,54,131
2015-08-10,24,100,101
2015-08-11,72,81,75
2015-08-12,41,98,70
2015-08-13,119,56,143
2015-08-14,61,94,105
2015-08-15,96,87,144
2015-08-16,100,115,71
2015-08-17,28,98,129
2015-08-18,88,73,158
2015-08-19,56,119,114
2015-08-20,71,123,66
2015-08-21,32,137,105
2015-08-22,23,74,83
2015-08-23,34,80,91
2015-08-24,59,141,157
2015-08-25,66,87,83
2015-08-26,63,127,102
2015-08-27,99,142,69
2015-08-28,57,80,94
2015-08-29,97,47,89
2015-08-30,57,116,72
2015-08-31,102,79,120
2015-09-01,94,62,120
2015-09-02,33,65,115
2015-09-03,82,64,107
2015-09-04,102,116,84
2015-09-05,100,104,65
2015-09-06,44,130,145
2015-09-07,23,64,61
2015-09-08,27,125,138
2015-09-09,45,116,135
2015-09-10,65,132,82
2015-09-11,48,62,144
2015-09-12,101,75,145
2015-09-13,77,73,129
2015-09-14,119,114,73
2015-09-15,83,102,125
2015-09-16,87,80,100
2015-09-17,80,113,120
2015-09-18,43,125,70
2015-09-19,79,61,146
2015-09-20,96,99,76
2015-09-21,61,62,143
2015-09-22,68,71,140
2015-09-23,101,56,67
2015-09-24,92,59,137
2015-09-25,42,97,68
2015-09-26,103,81,126
2015-09-27,66,81,118
2015-09-28,109,144,159
2015-09-29,71,80,66
2015-09-30,106,132,64
2015-10-01,31,116,91
2015-10-02,113,84,129
2015-10-03,51,133,116
2015-10-04,68,144,108
2015-10-05,38,71,117
2015-10-06,72,128,121
2015-10-07,56,71,60
2015-10-08,84,118,118
2015-10-09,62,130,152
2015-10-10,102,141,110
2015-10-11,87,60,138
2015-10-12,43,51,83
2015-10-13,90,99,105
2015-10-14,27,131,73
2015-10-15,58,49,109
2015-10-16,91,127,62
2015-10-17,114,120,63
2015-10-18,45,79,97
2015-10-19,27,65,117
2015-10-20,80,107,70
2015-10-21,54,81,108
2015-10-22,36,50,116
2015-10-23,64,114,92
2015-10-24,60,81,128
2015-10-25,49,130,132
2015-10-26,25,92,134
2015-10-27,49,111,72
2015-10-28,29,48,99
2015-10-29,62,60,90
2015-10-30,95,63,111
2015-10-31,72,145,159
2015-11-01,27,90,112
2015-11-02,43,136,127
2015-11-03,86,72,94
2015-11-04,103,58,103
2015-11-05,116,112,113
2015-11-06,91,119,120
2015-11-07,36,94,106
2015-11-08,119,86,76
2015-11-09,46,51,104
2015-11-10,120,92,65
2015-11-11,77,103,83
2015-11-12,32,108,116
2015-11-13,89,133,95
2015-11-14,113,82,121
2015-11-15,75,97,61
2015-11-16,109,74,90
2015-11-17,51,101,111
2015-11-18,52,84,81
2015-11-19,41,73,130
2015-11-20,93,90,94
2015-11-21,37,124,139
2015-11-22,120,121,126
2015-11-23,26,82,137
2015-11-24,66,80,109
2015-11-25,48,65,132
2015-11-26,97,86,150
2015-11-27,79,96,125
2015-11-28,98,99,151
2015-11-29,109,106,142
2015-11-30,30,140,89
2015-12-01,23,50,95
2015-12-02,114,106,137
2015-12-03,119,134,95
2015-12-04,69,84,131
2015-12-05,28,144,77
2015-12-06,44,59,141
2015-12-07,117,130,143
2015-12-08,84,83,148
2015-12-09,100,71,124
2015-12-10,37,96,159
2015-12-11,80,62,103
2015-12-12,41,126,66
2015-12-13,107,72,158
2015-12-14,48,81,149
2015-12-15,99,114,151
2015-12-16,84,124,123
2015-12-17,80,132,124
2015-12-18,55,116,111
2015-12-19,118,88,97
2015-12-20,39,47,123
2015-12-21,80,130,108
2015-12-22,122,71,152
2015-12-23,25,58,73
2015-12-24,74,127,133
2015-12-25,75,104,100
2015-12-26,54,116,76
2015-12-27,45,86,122
2015-12-28,101,122,128
2015-12-29,111,107,119
2015-12-30,79,108,130
2015-12-31,24,138,90
2016-01-01,64,103,145
2016-01-02,24,121,78
2016-01-03,41,74,138
2016-01-04,55,87,129
2016-01-05,46,137,146
2016-01-06,103,99,155
2016-01-07,58,46,86
2016-01-08,34,69,63
2016-01-09,37,108,146
2016-01-10,70,64,92
2016-01-11,105,143,142
2016-01-12,88,89,61
2016-01-13,105,138,80
2016-01-14,108,74,72
2016-01-15,29,127,85
2016-01-16,61,96,73
2016-01-17,84,122,76
2016-01-18,34,91,140
2016-01-19,121,81,133
2016-01-20,61,75,116
2016-01-21,93,119,69
2016-01-22,96,101,131
2016-01-23,59,116,129
2016-01-24,92,58,149
2016-01-25,86,61,67
2016-01-26,27,132,82
2016-01-27,112,86,76
2016-01-28,74,51,157
2016-01-29,33,75,131
2016-01-30,55,106,121
2016-01-31,105,141,130
2016-02-01,38,64,80
2016-02-02,112,55,123
2016-02-03,37,85,101
2016-02-04,29,75,75
2016-02-05,51,81,147
2016-02-06,91,139,123
2016-02-07,37,90,134
2016-02-08,119,94,114
2016-02-09,107,67,64
2016-02-10,53,52,97
2016-02-11,66,54,145
2016-02-12,56,91,61
2016-02-13,32,97,81
2016-02-14,64,61,77
2016-02-15,26,49,144
2016-02-16,89,67,67
2016-02-17,59,89,139
2016-02-18,55,126,112
2016-02-19,25,95,146
2016-02-20,93,51,104
2016-02-21,109,54,64
2016-02-22,57,139,138
2016-02-23,55,79,154
2016-02-24,56,141,128
2016-02-25,28,99,79
2016-02-26,64,72,67
2016-02-27,110,49,75
2016-02-28,111,115,155
2016-02-29,116,129,85
2016-03-01,71,117,126
2016-03-02,91,139,79
2016-03-03,40,78,86
2016-03-04,37,52,116
2016-03-05,112,81,155
2016-03-06,94,58,152
2016-03-07,102,108,144
2016-03-08,33,72,69
2016-03-09,87,98,156
2016-03-10,46,73,80
2016-03-11,65,78,66
2016-03-12,50,102,84
2016-03-13,68,143,123
2016-03-14,86,138,86
2016-03-15,116,67,152
2016-03-16,86,113,145
2016-03-17,57,46,94
2016-03-18,119,141,76
2016-03-19,63,95,68
2016-03-20,55,137,151
2016-03-21,39,47,93
2016-03-22,108,132,123
2016-03-23,26,123,123
2016-03-24,114,133,65
2016-03-25,76,54,147
2016-03-26,34,133,144
2016-03-27,104,59,125
2016-03-28,86,61,138
2016-03-29,103,57,61
2016-03-30,67,92,133
2016-03-31,54,118,75
2016-04-01,39,85,71
2016-04-02,78,74,131
2016-04-03,59,104,75
2016-04-04,26,101,74
2016-04-05,61,74,86
2016-04-06,43,78,145
2016-04-07,122,60,75
2016-04-08,110,85,128
2016-04-09,115,80,154
2016-04-10,66,83,101
2016-04-11,35,133,69
2016-04-12,56,80,156
2016-04-13,34,109,151
2016-04-14,93,101,63
2016-04-15,38,66,140
2016-04-16,72,111,153
2016-04-17,119,104,110
2016-04-18,99,78,146
2016-04-19,99,55,119
2016-04-20,95,81,134
2016-04-21,92,125,82
2016-04-22,113,142,65
2016-04-23,76,60,92
2016-04-24,57,101,78
2016-04-25,24,87,65
2016-04-26,93,56,79
2016-04-27,74,66,69
2016-04-28,82,86,151
2016-04-29,50,69,119
2016-04-30,54,93,123
2016-05-01,50,144,86
2016-05-02,52,99,80
2016-05-03,53,76,73
2016-05-04,37,109,111
2016-05-05,40,108,95
2016-05-06,89,72,121
2016-05-07,46,106,150
2016-05-08,121,47,122
2016-05-09,57,142,149
2016-05-10,50,131,154
2016-05-11,90,127,111
2016-05-12,122,46,88
2016-05-13,61,140,159
2016-05-14,94,122,117
2016-05-15,62,118,128
2016-05-16,65,120,138
2016-05-17,63,49,105
2016-05-18,117,74,108
2016-05-19,120,142,123
2016-05-20,64,102,116
2016-05-21,61,122,154
2016-05-22,49,87,60
2016-05-23,29,47,118
2016-05-24,99,103,62
2016-05-25,79,135,139
2016-05-26,64,75,154
2016-05-27,94,106,76
2016-05-28,117,99,77
2016-05-29,89,57,115
2016-05-30,113,73,60
2016-05-31,75,100,154
2016-06-01,105,76,89
2016-06-02,108,139,102
2016-06-03,25,63,96
2016-06-04,112,78,157
2016-06-05,38,113,131
2016-06-06,83,121,128
2016-06-07,42,103,152
2016-06-08,29,47,113
2016-06-09,106,104,113
2016-06-10,106,111,131
2016-06-11,89,114,144
2016-06-12,119,142,142
2016-06-13,34,90,107
2016-06-14,79,113,128
2016-06-15,29,53,142
2016-06-16,108,87,105
2016-06-17,96,84,126
2016-06-18,111,118,69
2016-06-19,77,131,157
2016-06-20,51,114,113
2016-06-21,96,54,149
2016-06-22,64,84,140
2016-06-23,52,111,147
2016-06-24,113,78,113
2016-06-25,103,144,73
2016-06-26,38,62,108
2016-06-27,56,62,158
2016-06-28,45,73,100
2016-06-29,51,76,74
2016-06-30,105,143,90
2016-07-01,26,64,123
2016-07-02,59,85,122
2016-07-03,71,111,110
2016-07-04,71,117,66
2016-07-05,99,48,88
2016-07-06,85,75,89
2016-07-07,30,71,117
2016-07-08,34,118,120
2016-07-09,46,46,126
2016-07-10,70,68,112
2016-07-11,41,55,85
2016-07-12,74,104,87
2016-07-13,41,103,75
2016-07-14,105,57,68
2016-07-15,26,114,76
2016-07-16,78,57,134
2016-07-17,120,82,115
2016-07-18,66,143,119
2016-07-19,33,63,99
2016-07-20,95,88,81
2016-07-21,122,115,96
2016-07-22,102,138,121
2016-07-23,94,90,104
2016-07-24,65,143,89
2016-07-25,67,81,69
2016-07-26,83,140,89
2016-07-27,102,55,159
2016-07-28,98,119,138
2016-07-29,40,71,130
2016-07-30,116,139,99
2016-07-31,68,87,144
2016-08-01,63,79,86
2016-08-02,30,125,98
2016-08-03,109,47,68
2016-08-04,90,139,109
2016-08-05,100,99,81
2016-08-06,80,140,142
2016-08-07,46,61,98
2016-08-08,35,100,138
2016-08-09,109,57,158
2016-08-10,51,71,62
2016-08-11,78,55,96
2016-08-12,56,114,150
